{"config_name": "clock_ADAUSDT_1417days",
 "long": {"backwards_tp": true,
          "delay_between_fills_minutes_close": 1.0,
          "delay_between_fills_minutes_entry": 493.47466975263455,
          "delay_weight_close": 18.21111797009516,
          "delay_weight_entry": 31.702991313684592,
          "ema_dist_close": 0.0029176417142023105,
          "ema_dist_entry": -0.01728596778847493,
          "ema_span_0": 124.9041325435586,
          "ema_span_1": 10,
          "enabled": true,
          "markup_range": 0.015353873088502397,
          "min_markup": 0.005623956001933593,
          "n_close_orders": 2,
          "qty_pct_close": 0.06644085955411289,
          "qty_pct_entry": 0.008953276100074367,
          "wallet_exposure_limit": 1,
          "we_multiplier_close": 150,
          "we_multiplier_entry": 47.02663184364234},
 "short": {"backwards_tp": true,
           "delay_between_fills_minutes_close": 1.0,
           "delay_between_fills_minutes_entry": 500,
           "delay_weight_close": 103.95187504279579,
           "delay_weight_entry": 5.004728296984142,
           "ema_dist_close": 0.003203831341656891,
           "ema_dist_entry": -0.020363629587294138,
           "ema_span_0": 10,
           "ema_span_1": 324.76259447107907,
           "enabled": false,
           "markup_range": 0.005005772685670653,
           "min_markup": 0.010038219636698159,
           "n_close_orders": 4,
           "qty_pct_close": 0.03829183287565464,
           "qty_pct_entry": 0.0033265787377011343,
           "wallet_exposure_limit": 1,
           "we_multiplier_close": 21.950646095786794,
           "we_multiplier_entry": 18.997373312532833}}