{"config_name": "recursive_grid_MATICUSDT_1152days",
 "logging_level": 0,
 "long": {"auto_unstuck_delay_minutes": 0.0,
          "auto_unstuck_ema_dist": 0.0023151435636849242,
          "auto_unstuck_qty_pct": 0.0,
          "auto_unstuck_wallet_exposure_threshold": 0.03000174353665893,
          "backwards_tp": true,
          "ddown_factor": 0.6838807556993317,
          "ema_span_0": 327.3425602204959,
          "ema_span_1": 58.49231945027496,
          "enabled": true,
          "initial_eprice_ema_dist": -0.055538968080784054,
          "initial_qty_pct": 0.010673483115630778,
          "markup_range": 0.0014975520803483776,
          "min_markup": 0.0010516887775178375,
          "n_close_orders": 15,
          "rentry_pprice_dist": 0.048907160532525494,
          "rentry_pprice_dist_wallet_exposure_weighting": 0.21420827086127361,
          "wallet_exposure_limit": 1},
 "short": {"auto_unstuck_delay_minutes": 0.0,
           "auto_unstuck_ema_dist": 0.0019279884936736662,
           "auto_unstuck_qty_pct": 0.0,
           "auto_unstuck_wallet_exposure_threshold": 0.031267453735573214,
           "backwards_tp": true,
           "ddown_factor": 2.1580507583612234,
           "ema_span_0": 330.35651714821597,
           "ema_span_1": 493.4104620593186,
           "enabled": false,
           "initial_eprice_ema_dist": -0.017879123451386487,
           "initial_qty_pct": 0.01686121893218169,
           "markup_range": 0.005696022349561171,
           "min_markup": 0.004328819768335055,
           "n_close_orders": 11,
           "rentry_pprice_dist": 0.042981983491447086,
           "rentry_pprice_dist_wallet_exposure_weighting": 1.7779665614277298,
           "wallet_exposure_limit": 1}}